"","words","frequency"
"1","one of the",8868
"2","a lot of",7963
"3","thanks for the",4817
"4","to be a",4811
"5","i want to",4472
"6","it was a",4270
"7","going to be",4157
"8","out of the",4038
"9","the end of",4002
"10","some of the",3848
"11","be able to",3843
"12","as well as",3834
"13","i have a",3644
"14","i have to",3628
"15","a couple of",3294
"16","the rest of",3248
"17","this is a",3090
"18","the fact that",3038
"19","part of the",3032
"20","one of my",3010
"21","there is a",2972
"22","it is a",2843
"23","you want to",2779
"24","i need to",2766
"25","this is the",2732
"26","i have been",2714
"27","i had to",2621
"28","looking forward to",2589
"29","if you are",2564
"30","is going to",2532
"31","in the world",2509
"32","end of the",2489
"33","it would be",2483
"34","i wanted to",2438
"35","thank you for",2429
"36","you have to",2381
"37","there is no",2365
"38","the first time",2348
"39","i had a",2312
"40","when i was",2293
"41","to have a",2288
"42","all of the",2287
"43","in order to",2269
"44","i dont know",2267
"45","at the end",2238
"46","is one of",2198
"47","to go to",2181
"48","im going to",2168
"49","most of the",2165
"50","i am not",2154
"51","cant wait to",2124
"52","a bit of",2074
"53","i think i",2072
"54","i love you",2059
"55","you have a",2047
"56","in front of",2006
"57","back to the",1986
"58","if you have",1982
"59","to be the",1944
"60","rest of the",1937
"61","i will be",1905
"62","to do with",1873
"63","to make a",1830
"64","for the first",1827
"65","was going to",1825
"66","want to be",1819
"67","there was a",1774
"68","of the day",1757
"69","if you want",1753
"70","to see the",1745
"71","one of those",1738
"72","it will be",1728
"73","that i have",1728
"74","would like to",1727
"75","and i have",1681
"76","as much as",1680
"77","and it was",1669
"78","at the same",1638
"79","you need to",1633
"80","of the most",1607
"81","in the middle",1588
"82","and i am",1587
"83","i feel like",1582
"84","i decided to",1577
"85","have to be",1561
"86","the same time",1553
"87","to get a",1551
"88","have a great",1549
"89","it is not",1538
"90","that i am",1530
"91","are going to",1528
"92","for the follow",1524
"93","it was the",1477
"94","let me know",1452
"95","to make it",1452
"96","a little bit",1442
"97","it is the",1440
"98","as long as",1434
"99","and i was",1430
"100","all the time",1427
"101","i dont think",1416
"102","what do you",1412
"103","for me to",1395
"104","i am a",1387
"105","i was a",1387
"106","go to the",1377
"107","of the world",1377
"108","of the year",1367
"109","i hope you",1364
"110","we need to",1356
"111","i know i",1354
"112","need to be",1344
"113","when it comes",1343
"114","the united states",1342
"115","we have a",1335
"116","a long time",1332
"117","at the time",1332
"118","in the first",1331
"119","i have no",1325
"120","for a while",1322
"121","the middle of",1319
"122","in the past",1318
"123","i would have",1314
"124","on the other",1314
"125","to get the",1314
"126","i am so",1306
"127","in my life",1306
"128","in the morning",1305
"129","to be in",1298
"130","is not a",1296
"131","i love the",1294
"132","do you think",1289
"133","i know that",1271
"134","to take a",1271
"135","that it was",1270
"136","i wish i",1257
"137","and it is",1255
"138","to do it",1255
"139","would be a",1254
"140","but it was",1250
"141","not going to",1249
"142","as soon as",1248
"143","dont want to",1242
"144","i went to",1242
"145","that it is",1239
"146","it comes to",1236
"147","would have been",1234
"148","that i was",1233
"149","i was in",1223
"150","in the same",1222
"151","side of the",1196
"152","so i can",1196
"153","to make the",1195
"154","to say that",1193
"155","i dont have",1186
"156","i think it",1185
"157","you can see",1169
"158","seems to be",1166
"159","would love to",1163
"160","i cant wait",1160
"161","i don't know",1160
"162","up in the",1157
"163","for a few",1150
"164","there will be",1145
"165","the top of",1144
"166","but it is",1135
"167","look at the",1135
"168","a bunch of",1133
"169","will be a",1131
"170","in love with",1123
"171","according to the",1111
"172","because of the",1108
"173","i do not",1093
"174","a number of",1092
"175","a chance to",1091
"176","of the best",1089
"177","to be able",1086
"178","i used to",1085
"179","look forward to",1083
"180","in the end",1080
"181","of my favorite",1077
"182","a part of",1076
"183","do you have",1070
"184","of my life",1059
"185","but i think",1047
"186","it has been",1047
"187","i am going",1040
"188","have to do",1039
"189","up to the",1033
"190","all over the",1025
"191","at a time",1024
"192","be sure to",1021
"193","to make sure",1021
"194","we had a",1021
"195","to see you",1018
"196","i think the",1014
"197","we have to",1012
"198","that would be",1011
"199","a few days",1006
"200","in the last",1006
"201","that i had",1006
"202","for the next",1003
"203","is in the",999
"204","was able to",998
"205","back in the",994
"206","has been a",988
"207","to see what",977
"208","what to do",977
"209","am going to",976
"210","if you dont",973
"211","how do you",964
"212","and of course",963
"213","but i have",963
"214","and i will",961
"215","is the best",960
"216","i would like",958
"217","to get to",952
"218","the name of",947
"219","supposed to be",946
"220","the idea of",936
"221","know how to",935
"222","will have to",934
"223","it in the",930
"224","you know what",930
"225","on top of",924
"226","at this point",923
"227","out of my",923
"228","top of the",923
"229","i thought i",920
"230","i dont want",919
"231","so much for",915
"232","there was no",915
"233","but i am",913
"234","i think that",912
"235","of all the",912
"236","a way to",911
"237","is a great",911
"238","go back to",910
"239","looking for a",909
"240","this is not",908
"241","i was going",906
"242","i thought it",905
"243","on the way",905
"244","i like to",904
"245","the back of",904
"246","for the rt",903
"247","all the way",900
"248","that i can",900
"249","in the us",895
"250","needs to be",887
"251","had a great",886
"252","to see if",884
"253","one of them",883
"254","we will be",879
"255","it to the",877
"256","many of the",877
"257","was one of",877
"258","to find a",875
"259","more than a",867
"260","and i think",866
"261","to find out",860
"262","and in the",858
"263","i love it",858
"264","of the time",857
"265","went to the",849
"266","has to be",848
"267","by the time",847
"268","have to say",846
"269","going to have",845
"270","by the way",844
"271","you will be",843
"272","to figure out",841
"273","trying to get",841
"274","was in the",839
"275","as far as",837
"276","that is the",832
"277","i got a",831
"278","need to get",830
"279","a few weeks",827
"280","is a good",825
"281","in terms of",824
"282","up with a",824
"283","a little more",823
"284","is not the",822
"285","to do the",821
"286","no matter how",819
"287","for all the",817
"288","want to do",812
"289","that they are",811
"290","the number of",804
"291","as a result",802
"292","is that the",802
"293","i did not",799
"294","the only one",799
"295","to look at",797
"296","have no idea",793
"297","check out the",792
"298","you are a",788
"299","have a good",786
"300","away from the",784
"301","out in the",784
"302","in the future",781
"303","be in the",778
"304","to talk to",777
"305","to do a",775
"306","i would be",769
"307","the only thing",769
"308","that you are",768
"309","there are a",767
"310","as part of",766
"311","in addition to",766
"312","the beginning of",765
"313","in new york",759
"314","that there is",757
"315","the bottom of",757
"316","want to see",755
"317","if you can",754
"318","to deal with",754
"319","will be the",754
"320","bit of a",753
"321","the way to",753
"322","want to go",753
"323","the opportunity to",752
"324","in my head",750
"325","and if you",749
"326","to talk about",749
"327","that you can",747
"328","i think its",743
"329","were going to",741
"330","you know that",739
"331","come up with",738
"332","the same thing",738
"333","the other day",734
"334","be a good",733
"335","it can be",733
"336","at the moment",732
"337","dont have to",731
"338","will not be",731
"339","a series of",730
"340","and i had",728
"341","some of my",728
"342","that he was",728
"343","thought it was",727
"344","as it is",726
"345","im not sure",725
"346","thanks for following",725
"347","get out of",721
"348","of course i",720
"349","up on the",717
"350","over the years",716
"351","that this is",713
"352","going to get",712
"353","with all the",712
"354","i would love",711
"355","the time to",711
"356","a piece of",710
"357","to do so",710
"358","for you to",709
"359","i'm going to",708
"360","that i would",705
"361","the other hand",705
"362","and a half",704
"363","no matter what",704
"364","to see how",703
"365","to work with",703
"366","if i had",700
"367","this is what",698
"368","cant wait for",695
"369","that we are",694
"370","due to the",693
"371","do you know",692
"372","the time i",690
"373","as you can",689
"374","it was so",688
"375","every time i",687
"376",""" and """,686
"377","going to do",685
"378","used to be",685
"379","don't want to",683
"380","in the house",683
"381","up with the",683
"382","in a few",682
"383","the last time",681
"384","i don't think",680
"385","the kind of",679
"386","i got to",678
"387","a few years",675
"388","is the only",675
"389","a variety of",674
"390","this is my",674
"391","a few of",673
"392","take care of",673
"393","wait to see",673
"394","the next day",672
"395","just want to",670
"396","all of us",669
"397","the people who",669
"398","to get my",669
"399","to get out",669
"400","you so much",669
"401","he was a",667
"402","you for the",667
"403","to tell you",666
"404","we want to",665
"405","more and more",664
"406","you can do",664
"407","a great day",663
"408","and this is",662
"409","all of you",661
"410","have to go",659
"411","i can do",659
"412","a group of",658
"413","the other side",658
"414","what it is",658
"415","in the next",657
"416","the story of",655
"417","the use of",653
"418","a picture of",652
"419","i was so",650
"420","so you can",647
"421","to have to",646
"422","there are many",645
"423","for all of",644
"424","the power of",644
"425","have been a",643
"426","to go back",643
"427","happy mothers day",642
"428","to work on",642
"429","of the first",641
"430","front of the",640
"431","i like the",640
"432","is the most",640
"433","seem to be",640
"434","had to be",639
"435","i get to",639
"436","that there are",637
"437","to be an",637
"438","have a lot",635
"439","for some reason",633
"440","how are you",633
"441","and then i",632
"442","i have the",632
"443","the same way",632
"444","i could have",629
"445","of the book",629
"446","to try to",629
"447","feel free to",628
"448","this was a",628
"449","you can get",628
"450","that is a",627
"451","to create a",627
"452","any of the",626
"453","at the top",625
"454","one of our",624
"455","that i could",624
"456","but i dont",623
"457","what is the",622
"458","for the rest",621
"459","i wonder if",620
"460","to all of",620
"461","to do that",620
"462","a sense of",619
"463","is a very",619
"464","of the week",619
"465","and i love",618
"466","been able to",618
"467","but i was",618
"468","me and i",618
"469","it should be",616
"470","to be on",616
"471","a lot more",615
"472","i try to",614
"473","the way i",612
"474","is on the",611
"475","part of a",611
"476","all of my",610
"477","is such a",610
"478","make sure you",610
"479","and i dont",609
"480","that we have",608
"481","you are not",608
"482","are in the",607
"483","in a way",607
"484","a bit more",606
"485","thanks so much",606
"486","the best of",606
"487","as i was",605
"488","to do this",605
"489","id like to",604
"490","well as the",603
"491","thank you to",602
"492","was the first",602
"493","it was just",601
"494","when you are",600
"495","me in the",599
"496","for a long",598
"497","of the new",598
"498","how much i",596
"499","it looks like",595
"500","may not be",594
"501","for those who",593
"502","being able to",591
"503","to see a",591
"504","i can see",590
"505","and that is",589
"506","was a great",589
"507","over the past",587
"508","<U+FFFD> <U+FFFD> <U+FFFD>",586
"509","the university of",585
"510","those of you",585
"511","all of this",583
"512","i can get",582
"513","out to be",582
"514","to get back",582
"515","to get it",582
"516","in the way",580
"517","on the road",580
"518","down to the",578
"519","get back to",578
"520","a good thing",576
"521","to take the",574
"522","want to know",574
"523",""" he said",573
"524","was a good",573
"525","was a little",573
"526","what kind of",573
"527","here is a",572
"528","but if you",571
"529","to do something",571
"530","based on the",569
"531","just have to",569
"532","in other words",566
"533","to check out",565
"534","i was able",564
"535","need to do",564
"536","i guess i",563
"537","i had the",563
"538","in the back",562
"539","or at least",562
"540","to listen to",562
"541","which is a",562
"542","if i was",561
"543","members of the",561
"544","around the world",560
"545","middle of the",560
"546","to keep the",560
"547","want to get",560
"548","i am in",559
"549","there are some",558
"550","is the first",557
"551","they are not",557
"552","and have a",556
"553","the new york",556
"554","so much fun",555
"555","and all the",554
"556","of the people",554
"557","if i could",553
"558","the ability to",553
"559","the most important",553
"560","to pick up",553
"561","to use the",552
"562","we have been",552
"563","i need a",551
"564","a matter of",550
"565","for me i",550
"566","the last few",550
"567","this was the",550
"568","a fan of",548
"569","some sort of",547
"570","a pair of",546
"571","feel like i",546
"572","it on the",546
"573","over and over",545
"574","and i are",543
"575","if you do",542
"576","here is the",540
"577","much of the",540
"578","we went to",540
"579","what are you",540
"580","because it is",538
"581","i tried to",538
"582","in the face",538
"583","a few minutes",537
"584","in the city",537
"585","to me and",537
"586","in the car",533
"587","just a few",532
"588","of the other",532
"589","on the floor",532
"590","the amount of",532
"591","and you can",531
"592","of you who",531
"593","i still have",527
"594","for those of",526
"595","i know it",525
"596","out on the",525
"597","while i was",525
"598","can be a",523
"599","check it out",523
"600","i miss you",521
"601","more of a",521
"602","up for the",520
"603","along the way",519
"604","would have to",519
"605","and they are",518
"606","it was not",518
"607","the only way",517
"608","here are some",516
"609","not to mention",516
"610","one of these",516
"611","to the next",516
"612","but in the",515
"613","even though i",515
"614","for the last",515
"615","know what to",515
"616","i had been",512
"617","to the point",512
"618","in the process",511
"619","if you like",510
"620","in this case",510
"621","a good idea",508
"622","are a few",508
"623","a list of",507
"624","and the other",507
"625","i should have",507
"626","i have had",506
"627","know what i",506
"628","i needed to",504
"629","member of the",504
"630","some kind of",500
"631","there are no",499
"632","to get some",499
"633","we had to",499
"634","a few more",498
"635","that he is",498
"636","the lack of",497
"637","over the last",496
"638","to have the",496
"639","when he was",496
"640","just wanted to",495
"641","i woke up",494
"642","of the things",494
"643","of the house",493
"644","but i do",492
"645","have you ever",492
"646","if you don't",491
"647","in the uk",491
"648","of the night",490
"649","of the same",490
"650","the age of",490
"651","a few months",489
"652","to think about",488
"653","bottom of the",487
"654","i am the",487
"655","so much more",487
"656","wish i could",487
"657","is what i",486
"658","by the end",485
"659","it makes me",485
"660","nothing to do",485
"661","i have never",484
"662","such as the",484
"663","is just a",483
"664","that is not",483
"665","whether or not",483
"666","you can find",483
"667","it to be",482
"668","on to the",482
"669","at least one",481
"670","i don't want",481
"671","to try and",480
"672","and when i",479
"673","the majority of",479
"674","to do is",479
"675","of course the",478
"676","to find the",478
"677","and i just",476
"678","because it was",475
"679","at some point",474
"680","thank you so",474
"681","in one of",473
"682","is that i",473
"683","on the back",473
"684","i am sure",472
"685","so that i",472
"686","get rid of",471
"687","along with the",470
"688","and i can",470
"689","half of the",470
"690","if it is",470
"691","that can be",470
"692","do not have",469
"693","little bit of",469
"694","the chance to",469
"695","a member of",468
"696","for the past",468
"697","the world and",468
"698","them in the",466
"699","and i know",465
"700","be one of",465
"701","i was not",465
"702","in the early",465
"703","now i have",464
"704","what i was",463
"705","and one of",462
"706","for me and",462
"707","is a little",462
"708","it as a",462
"709","the first place",462
"710","to share with",462
"711","told me that",462
"712","was a bit",462
"713","i'm not sure",461
"714","the point of",461
"715","i will not",460
"716","that you have",460
"717","to me that",460
"718","we are going",460
"719","and there is",459
"720","please follow me",459
"721","this is one",459
"722","couple of weeks",458
"723","and we are",457
"724","he is a",457
"725","i had no",457
"726","so if you",457
"727","to be honest",457
"728","the process of",456
"729","a result of",455
"730","for the most",455
"731","it is to",455
"732","much as i",455
"733","the world of",453
"734","a look at",452
"735","and there are",451
"736","out of a",451
"737","know that i",450
"738","the one who",450
"739","we are not",450
"740","a few hours",449
"741","it might be",449
"742","of the story",449
"743","could have been",448
"744","the side of",448
"745","that i will",447
"746","that they were",447
"747","it would have",446
"748","i have not",445
"749","it could be",445
"750","will be able",444
"751","people in the",443
"752","the right to",443
"753","the size of",443
"754","in the united",442
"755","all of these",441
"756","i made a",441
"757","the start of",441
"758","get to the",440
"759","and a few",439
"760","new york city",439
"761","… … …",438
"762","people who are",438
"763","it may be",437
"764","they have a",437
"765","would be the",437
"766","the past few",436
"767","in the air",435
"768","not to be",434
"769","that she was",434
"770","as it was",432
"771","it is also",432
"772","so i am",432
"773","the time of",431
"774","the things that",430
"775","so i was",428
"776","is also a",427
"777","they want to",427
"778","to focus on",427
"779",""" or """,426
"780","in the meantime",426
"781","is to be",426
"782","that he had",426
"783","the importance of",426
"784","let us know",424
"785","part of my",424
"786","lot of people",423
"787","one of his",423
"788","the history of",423
"789","the need to",423
"790","because they are",422
"791","to be more",422
"792","back of the",421
"793","for us to",420
"794","this is an",420
"795","all of them",419
"796","that was the",419
"797","but this is",418
"798","those who are",418
"799","wanted to be",417
"800","so i have",416
"801","some of them",416
"802","didnt want to",414
"803","i think this",414
"804","a great deal",413
"805","because i was",413
"806","and i would",412
"807","i am still",412
"808","in my opinion",412
"809","the heart of",412
"810","to know that",412
"811","parts of the",411
"812","to all the",411
"813","able to get",410
"814","but there are",410
"815","the course of",409
"816","to have been",409
"817","will continue to",409
"818","in my mind",408
"819","i don't have",407
"820","i ended up",407
"821","was trying to",407
"822","the idea that",406
"823","i felt like",405
"824","in the book",405
"825","it has a",405
"826","was on the",405
"827","in the country",404
"828","not want to",404
"829","that will be",404
"830","as one of",403
"831","of the way",403
"832","on the right",403
"833","at the beginning",402
"834","on my way",402
"835","way to the",402
"836","it is so",400
"837","thought it would",400
"838","and he was",399
"839","but there is",399
"840","say that i",399
"841","a way that",398
"842","of one of",398
"843","that there was",398
"844","thought i would",398
"845","don't have to",397
"846","the next few",397
"847","do with the",396
"848","is that it",396
"849","going to the",395
"850","in the new",395
"851","time in the",395
"852","were able to",395
"853","some of you",394
"854","to say i",394
"855","i took a",392
"856","its going to",392
"857","the edge of",392
"858","to become a",392
"859","up in a",392
"860","is a bit",391
"861","on how to",391
"862","that has been",391
"863","when i got",391
"864","would not be",390
"865","and i were",389
"866","give it a",389
"867","it was an",389
"868","all sorts of",388
"869","and then the",388
"870","i used the",388
"871","on the ground",388
"872","to meet you",388
"873","he said """,387
"874","seemed to be",387
"875","we all know",387
"876","a great time",386
"877","the center of",386
"878","the face of",386
"879","to go with",386
"880","if it was",384
"881","over to the",384
"882","so it was",384
"883","was supposed to",384
"884","at one point",383
"885","i could not",383
"886","it in a",383
"887","for a couple",382
"888","he had a",382
"889","in a small",382
"890","it turned out",382
"891","think about it",382
"892","i knew i",381
"893","can see the",380
"894","may have been",380
"895","that we can",380
"896","wanted to do",380
"897","it is an",379
"898","a great weekend",378
"899","and i hope",378
"900","are so many",378
"901","to think of",378
"902","needless to say",377
"903","there are so",377
"904","shout out to",376
"905","a few times",375
"906","the way the",375
"907","this kind of",375
"908","we are all",375
"909","we decided to",375
"910","you would like",375
"911","at the bottom",374
"912","had no idea",374
"913","hope to see",374
"914","in which the",374
"915","that it would",374
"916","a lot to",373
"917","i love to",373
"918","they will be",373
"919","a few things",372
"920","each of the",372
"921","the form of",372
"922","what i have",372
"923","back into the",371
"924","came up with",371
"925","fact that i",371
"926","i will have",371
"927","and lots of",370
"928","i hope to",370
"929","take a look",370
"930","with a few",370
"931","the most part",369
"932","and will be",368
"933","known as the",368
"934","share with you",368
"935","a ton of",367
"936","all kinds of",367
"937","but they are",367
"938","in fact i",367
"939","to me i",367
"940","it turns out",366
"941",""" in the",365
"942","happy birthday to",365
"943","in such a",365
"944","it was time",365
"945","many of you",365
"946","there have been",364
"947","to think that",364
"948","when i first",364
"949","when it was",364
"950","with a little",364
"951","you do not",364
"952","a good day",363
"953","fact that the",363
"954","for them to",363
"955","for a little",362
"956","in a large",362
"957","the whole thing",362
"958","when i saw",362
"959","and so on",361
"960","it seems that",361
"961","well as a",361
"962","dont know what",360
"963","you can also",360
"964","as i am",359
"965","i do have",359
"966","here in the",358
"967","it and i",358
"968","so i decided",358
"969","there is nothing",358
"970","as i have",357
"971","in the kitchen",357
"972","these are the",357
"973","this will be",357
"974","as i can",356
"975","back and forth",356
"976","just a little",356
"977","that is what",356
"978","it seems to",354
"979","and there was",353
"980","on the same",352
"981","the life of",352
"982","the time and",352
"983","you don't have",352
"984","some of these",351
"985","a copy of",350
"986","black and white",350
"987","for the ff",350
"988","i have ever",350
"989","i love my",350
"990","it does not",350
"991","most of my",350
"992","so i could",350
"993","to live in",349
"994","to write a",349
"995","but i did",348
"996","me that i",348
"997","the same as",347
"998","want to make",347
"999","if there is",346
"1000","point of view",346
"1001","when i am",345
"1002","even if you",344
"1003","here are the",344
"1004","quite a few",344
"1005","to know what",344
"1006","on the internet",343
"1007","couple of days",342
"1008","it was all",342
"1009","so i thought",342
"1010","you can use",342
"1011","and had a",341
"1012","the sound of",341
"1013","there is an",341
"1014","to be done",341
"1015","to say the",341
"1016","they are the",339
"1017","and you will",338
"1018","i have always",338
"1019","out of it",338
"1020","seems to have",338
"1021","i hope that",337
"1022","is a lot",336
"1023","lot of time",336
"1024","those who have",336
"1025","quite a bit",335
"1026","the case of",335
"1027","and for the",334
"1028","must have been",334
"1029","that they have",334
"1030","and out of",333
"1031","happy new year",333
"1032","for the mention",332
"1033","leave a comment",332
"1034","of what i",332
"1035","to believe that",332
"1036","a hard time",331
"1037","and we were",331
"1038","dont forget to",331
"1039","but i don't",330
"1040","did you know",329
"1041","rt if you",327
"1042","see you there",327
"1043","are you going",326
"1044","i think im",326
"1045","sounds like a",326
"1046","i just want",321
"1047","i dont like",319
"1048","i cant believe",312
"1049","i was just",311
"1050","i hate when",304
"1051","that was a",301
"1052","you going to",300
"1053","my way to",298
"1054","awkward moment when",296
"1055","thanks for sharing",296
"1056","i love that",294
"1057","are you doing",291
"1058","when i get",289
"1059","can i get",287
"1060","where are you",284
"1061","wish i was",283
"1062","mothers day to",281
"1063","you guys are",278
"1064","i get a",275
"1065","its time to",275
"1066","if you need",274
"1067","i want a",273
"1068","i just got",272
"1069","know if you",268
"1070","you dont have",268
"1071","to have you",267
"1072","much for the",263
"1073","are the best",262
"1074","i love your",261
"1075","hope you have",260
"1076","thanks for your",259
"1077","its been a",258
"1078","getting ready to",257
"1079","check out our",255
"1080","i dont even",255
"1081","ready for the",252
"1082","thanks to all",252
"1083","getting ready for",250
"1084","i dont care",250
"1085","i know you",249
"1086","gonna be a",247
"1087","i think you",245
"1088","that awkward moment",245
"1089","wait for the",245
"1090","have you been",243
"1091","im trying to",241
"1092","you are the",241
"1093","will you be",240
"1094","you and your",239
"1095","me know if",238
"1096","go to sleep",236
"1097","so we can",235
"1098","love you too",234
"1099","time to get",232
"1100","im about to",231
"1101","to follow me",230
"1102","you had a",230
"1103","i didnt know",229
"1104","is there a",229
"1105","be a great",228
"1106","day to all",228
"1107","forward to seeing",227
"1108","did you get",226
"1109","go to bed",225
"1110","in a row",225
"1111","spread the word",225
"1112","dont know how",224
"1113","forward to the",224
"1114","to watch the",224
"1115","way to go",224
"1116","be on the",223
"1117","hit me up",223
"1118","welcome to the",223
"1119","great to see",222
"1120","in a while",221
"1121","its gonna be",221
"1122","what a great",221
"1123","who wants to",221
"1124","im pretty sure",220
"1125","looks like a",220
"1126","wish i had",219
"1127","love to see",218
"1128","keep up the",217
"1129","so excited to",217
"1130","so proud of",217
"1131","thanks for all",217
"1132","of the season",215
"1133","follow me back",214
"1134","why am i",214
"1135","you in the",214
"1136","a good time",213
"1137","i see you",213
"1138","if i can",213
"1139","know what you",213
"1140","to see it",211
"1141","all is well",210
"1142","moment when you",210
"1143","give me a",209
"1144","id love to",208
"1145","for the shout",207
"1146","i know its",207
"1147","for a great",206
"1148","out to the",206
"1149","what you think",206
"1150","you dont know",206
"1151","a good one",204
"1152","whats going on",204
"1153","for a new",203
"1154","dont have a",202
"1155","let you know",202
"1156","to all my",202
"1157","for following me",200
"1158","i dont get",200
"1159","i like it",200
"1160","should be a",199
"1161","hope you are",197
"1162","youre going to",197
"1163","i think we",196
"1164","stay tuned for",196
"1165","hope all is",195
"1166","i love u",195
"1167","im not a",194
"1168","it was great",194
"1169","love you so",194
"1170","cinco de mayo",193
"1171","excited to see",193
"1172","i just saw",193
"1173","see you at",193
"1174","miss you too",192
"1175","thx for the",192
"1176","dont know if",191
"1177","i love this",191
"1178","will be in",191
"1179","see you in",190
"1180","thats what i",190
"1181","to see my",190
"1182","you at the",190
"1183","follow me please",189
"1184","my best friend",189
"1185","do you want",188
"1186","but i cant",187
"1187","is gonna be",185
"1188","to everyone who",185
"1189","i dont wanna",184
"1190","what the hell",184
"1191","when you get",184
"1192","for the retweet",183
"1193","glad to hear",183
"1194","to come to",183
"1195","what is your",183
"1196","all of our",182
"1197","dont even know",182
"1198","its hard to",182
"1199","forward to it",181
"1200","make sure to",181
"1201","will be on",181
"1202","be at the",180
"1203","so excited for",180
"1204","the shout out",180
"1205","have to get",179
"1206","i know right",179
"1207","ill be there",179
"1208","you for your",179
"1209","check us out",178
"1210","i know im",178
"1211","oh my god",178
"1212","talk to me",178
"1213","for the weekend",177
"1214","congrats on the",176
"1215","good to see",176
"1216","so much to",176
"1217","why are you",176
"1218","you follow me",176
"1219","going to see",175
"1220","had a good",175
"1221","i wanna go",175
"1222","of the game",175
"1223","on the radio",175
"1224","thanks for coming",175
"1225","why do i",175
"1226","you are so",175
"1227","see you soon",174
"1228","to hear that",174
"1229","get ready for",173
"1230","im so excited",173
"1231","really want to",173
"1232","you get a",173
"1233","i go to",172
"1234","day of the",171
"1235","going to bed",171
"1236","a beautiful day",170
"1237","is about to",170
"1238","reminds me of",170
"1239","when are you",170
"1240","why is it",170
"1241","i just wanna",169
"1242","will be there",169
"1243","you know you",169
"1244","follow me i",168
"1245","for the day",168
"1246","i love how",168
"1247","thanks to everyone",168
"1248","wait to get",168
"1249","we love you",168
"1250","you know it",168
"1251","first time in",167
"1252","who you are",167
"1253","you have any",167
"1254","do the same",166
"1255","in the game",166
"1256","time for a",166
"1257","working on a",166
"1258","is like a",165
"1259","ready to go",165
"1260","you should be",165
"1261","first day of",164
"1262","forward to your",164
"1263","good luck to",163
"1264","hope you had",163
"1265","i thought you",163
"1266","last day of",163
"1267","to get in",163
"1268","in your life",162
"1269","look like a",162
"1270","will be at",162
"1271","need to go",161
"1272","we can do",161
"1273","for the new",160
"1274","for your support",160
"1275","its time for",160
"1276","just got a",160
"1277","proud of you",160
"1278","the way you",160
"1279","to wake up",160
"1280","tonight at the",160
"1281","for the support",159
"1282","its a good",159
"1283","to catch up",159
"1284","what did you",159
"1285","whats your favorite",159
"1286","and thank you",158
"1287","do you like",158
"1288","i wont be",158
"1289","just had a",158
"1290","me and my",158
"1291","can do it",157
"1292","feel like a",157
"1293","get to see",157
"1294","sorry to hear",157
"1295","to the gym",157
"1296","i really want",156
"1297","on the phone",156
"1298","having a great",155
"1299","you know i",155
"1300","feel like im",154
"1301","said in a",154
"1302","such a great",154
"1303","be the best",153
"1304","best of luck",153
"1305","have a wonderful",153
"1306","if you love",153
"1307","make it to",153
"1308","on the new",153
"1309","i should be",152
"1310","ill have to",152
"1311","i hate it",151
"1312","i havent been",151
"1313","me want to",151
"1314","talk to you",151
"1315","the best way",151
"1316","the world is",151
"1317","wanna go to",151
"1318","excited to be",150
"1319","i cant even",150
"1320","join us for",150
"1321","ready for a",150
"1322","what happened to",149
"1323","i need some",148
"1324","to start the",148
"1325","want you to",148
"1326","what are your",148
"1327","great way to",147
"1328","i really dont",147
"1329","im in the",147
"1330","what you do",147
"1331","you like it",147
"1332","you on the",147
"1333","and i cant",146
"1334","i could be",146
"1335","i look forward",146
"1336","in san diego",146
"1337","to be at",146
"1338","today is the",146
"1339","why do you",146
"1340","me if you",145
"1341","thanks to for",145
"1342","are you a",144
"1343","i just dont",144
"1344","when you have",144
"1345","you go to",144
"1346","back to work",143
"1347","did you see",143
"1348","here we go",143
"1349","i was thinking",143
"1350","is better than",143
"1351","make it happen",143
"1352","of all time",143
"1353","sorry for the",143
"1354","and thanks for",142
"1355","i know what",142
"1356","cant wait till",141
"1357","if i dont",141
"1358","thanks to the",141
"1359","thats why i",141
"1360","the hunger games",141
"1361","just saw a",140
"1362","how do i",139
"1363","i miss my",139
"1364","need to know",139
"1365","come to the",138
"1366","dont know why",138
"1367","listening to the",138
"1368","so glad you",138
"1369","to my new",138
"1370","all of your",137
"1371","check out my",137
"1372","follow me on",137
"1373","nice to meet",137
"1374","thank you i",137
"1375","thought i was",137
"1376","to come back",137
"1377","to go home",137
"1378","you have the",137
"1379","its not a",136
"1380","like to see",136
"1381","to go out",136
"1382","what you want",136
"1383","for more info",135
"1384","glad to see",135
"1385","i was like",135
"1386","off to the",135
"1387","to be back",135
"1388","to hear it",135
"1389","waiting for the",135
"1390","you for following",135
"1391","dont think i",134
"1392","excited for the",134
"1393","i dont understand",134
"1394","i was there",134
"1395","i will never",134
"1396","im ready to",134
"1397","next to me",134
"1398","out for the",134
"1399","to hear about",134
"1400","a great night",133
"1401","hate it when",133
"1402","if you havent",133
"1403","keep it up",133
"1404","the difference between",133
"1405","you think you",133
"1406","best way to",132
"1407","but im not",132
"1408","go to school",132
"1409","i like that",132
"1410","i live in",132
"1411","if you were",132
"1412","last night i",132
"1413","right now i",132
"1414","us know if",132
"1415","in the studio",131
"1416","its all about",131
"1417","so much better",131
"1418","about to go",130
"1419","can make it",130
"1420","going to go",130
"1421","i really need",130
"1422","really need to",130
"1423","trying to figure",130
"1424","what the fuck",130
"1425","will always be",130
"1426","you got it",130
"1427","you need a",130
"1428","good to be",129
"1429","love to hear",129
"1430","made my day",129
"1431","the best thing",129
"1432","you like to",129
"1433","a shout out",128
"1434","for the rts",128
"1435","i wake up",128
"1436","makes me feel",128
"1437","percent of the",128
"1438","you dont want",128
"1439","you please follow",128
"1440","i hope i",127
"1441","up the good",127
"1442","wait to hear",127
"1443","are you guys",126
"1444","just found out",126
"1445","you have an",126
"1446","you think of",126
"1447","about to get",125
"1448","but i love",125
"1449","i get it",125
"1450","i was at",125
"1451","its a great",125
"1452","thats a good",125
"1453","to hear from",125
"1454","chance to win",124
"1455","for the love",124
"1456","i have an",124
"1457","in the office",124
"1458","last time i",124
"1459","not a good",124
"1460","would you like",124
"1461","you know how",124
"1462","a long day",123
"1463","come back to",123
"1464","give you a",123
"1465","i cant get",123
"1466","i like your",123
"1467","i told you",123
"1468","in the second",123
"1469","not sure if",123
"1470","to be there",123
"1471","way to start",123
"1472","all i want",122
"1473","if you cant",122
"1474","just woke up",122
"1475","made it to",122
"1476","one of your",122
"1477","want me to",122
"1478","going back to",121
"1479","happy valentines day",121
"1480","have the best",121
"1481","havent been on",121
"1482","i feel so",121
"1483","i just had",121
"1484","just got back",121
"1485","me on twitter",121
"1486","on the bus",121
"1487","so much i",121
"1488","so to my",121
"1489","such a good",121
"1490","you dont like",121
"1491","you have no",121
"1492","for following us",120
"1493","here i come",120
"1494","just trying to",120
"1495","on my mind",120
"1496","thank you and",120
"1497","had a blast",119
"1498","learn how to",119
"1499","see you on",119
"1500","that is all",119
"1501","can you please",118
"1502","i got my",118
"1503","i wonder what",118
"1504","is that a",118
"1505","need to stop",118
"1506","on my phone",118
"1507","thank god for",118
"1508","to seeing you",118
"1509","to win a",118
"1510","a great week",117
"1511","as good as",117
"1512","be with you",117
"1513","for a good",117
"1514","i cant stop",117
"1515","i really like",117
"1516","in honor of",117
"1517","is my favorite",117
"1518","is your favorite",117
"1519","love it when",117
"1520","out how to",117
"1521","to all who",117
"1522","all i can",116
"1523","for the great",116
"1524","how did you",116
"1525","i wish you",116
"1526","in a statement",116
"1527","time to go",116
"1528","what would you",116
"1529","he said he",115
"1530","i can be",115
"1531","i love her",115
"1532","i think my",115
"1533","if you think",115
"1534","last night was",115
"1535","nice to see",115
"1536","to get your",115
"1537","welcome to twitter",115
"1538","whats up with",115
"1539","at least i",114
"1540","have a new",114
"1541","i didnt get",114
"1542","i know the",114
"1543","ill be in",114
"1544","me know when",114
"1545","the world to",114
"1546","to get up",114
"1547","wed love to",114
"1548","a big fan",113
"1549","glad you enjoyed",113
"1550","going to sleep",113
"1551","good for you",113
"1552","good luck with",113
"1553","i cant stand",113
"1554","i didnt even",113
"1555","i dont need",113
"1556","just need to",113
"1557","please please please",113
"1558","that i dont",113
"1559","to you and",113
"1560","u have a",113
"1561","you are in",113
"1562","and get a",112
"1563","going to make",112
"1564","great to meet",112
"1565","i dont see",112
"1566","if youre not",112
"1567","to hang out",112
"1568","to you too",112
"1569","was the best",112
"1570","you as well",112
"1571","i got the",111
"1572","im so happy",111
"1573","its not even",111
"1574","the good work",111
"1575","time for the",111
"1576","to tell me",111
"1577","we have the",111
"1578","what are the",111
"1579","who came out",111
"1580","said he was",101
"1581","he said the",93
"1582","according to a",89
"1583","director of the",89
"1584","is expected to",89
"1585","said it was",76
"1586","a year ago",70
"1587","for more than",70
"1588","the st louis",70
"1589","president of the",69
"1590","in the third",68
"1591","in the state",67
"1592","the cost of",64
"1593","the federal government",62
"1594","the first half",59
"1595","the last two",59
"1596","the white house",58
"1597","at the university",57
"1598","he said i",55
"1599","in recent years",55
"1600","over the next",55
"1601","to the public",55
"1602","the los angeles",54
"1603","the new jersey",54
"1604","in the fourth",53
"1605","the city of",52
"1606","the department of",52
"1607","the second half",52
"1608","in new jersey",51
"1609","in st louis",51
"1610","the associated press",51
"1611","are expected to",50
"1612","for more information",50
"1613","of the state",50
"1614","said he would",50
"1615","the state of",50
"1616","vice president of",49
"1617","in los angeles",48
"1618","in an interview",47
"1619","said he had",47
"1620","in his first",45
"1621","of the national",45
"1622","president barack obama",45
"1623","the first round",45
"1624","will be held",45
"1625","contributed to this",44
"1626","gov chris christie",44
"1627","hall of fame",44
"1628","has not been",44
"1629","to the state",44
"1630","and his wife",43
"1631","is trying to",43
"1632","to pay for",43
"1633","years in prison",43
"1634","expected to be",42
"1635","in the area",42
"1636","in the case",42
"1637","in the final",42
"1638","a total of",41
"1639","an average of",41
"1640","two years ago",41
"1641","who has been",41
"1642","a time when",40
"1643","across the country",40
"1644","because of a",40
"1645","executive director of",40
"1646","return to the",40
"1647","spokesman for the",40
"1648","and that the",39
"1649","chairman of the",39
"1650","a spokesman for",38
"1651","declined to comment",38
"1652","in which he",38
"1653","said of the",38
"1654","said she was",38
"1655","she said she",38
"1656","he was the",37
"1657","of the us",37
"1658","place in the",37
"1659","she said the",37
"1660","the first of",37
"1661",""" she said",36
"1662","early in the",36
"1663","in san francisco",36
"1664","involved in the",36
"1665","the company said",36
"1666","the past two",36
"1667","the third quarter",36
"1668","to build a",36
"1669","to the city",36
"1670","head of the",35
"1671","is scheduled to",35
"1672","last year the",35
"1673","of a new",35
"1674","said that the",35
"1675","the fourth quarter",35
"1676","the regular season",35
"1677","earlier this month",34
"1678","earlier this year",34
"1679","role in the",34
"1680","st louis county",34
"1681","the first quarter",34
"1682","was born in",34
"1683","is part of",33
"1684","more likely to",33
"1685","of more than",33
"1686","returned to the",33
"1687","said he is",33
"1688","to win the",33
"1689","youve got to",33
"1690","late in the",32
"1691","millions of dollars",32
"1692","of new york",32
"1693","of st louis",32
"1694","of the city",32
"1695","points in the",32
"1696","said "" i",32
"1697","the supreme court",32
"1698","to return to",32
"1699","to the new",32
"1700","was charged with",32
"1701","a handful of",31
"1702","appears to be",31
"1703","he said it",31
"1704","high school in",31
"1705","in charge of",31
"1706","left in the",31
"1707","of the top",31
"1708","said in an",31
"1709","they have to",31
"1710","to the us",31
"1711","at least a",30
"1712","close to the",30
"1713","deal with the",30
"1714","earlier in the",30
"1715","for the second",30
"1716","grew up in",30
"1717","has been the",30
"1718","he has been",30
"1719","in the summer",30
"1720","new york and",30
"1721","the city council",30
"1722","the death of",30
"1723","to a new",30
"1724","across the state",29
"1725","and has been",29
"1726","first time since",29
"1727","has become a",29
"1728","has yet to",29
"1729","he did not",29
"1730","he said that",29
"1731","in the fall",29
"1732","in the league",29
"1733","less than a",29
"1734","likely to be",29
"1735","on behalf of",29
"1736","the quality of",29
"1737","this year the",29
"1738","three years ago",29
"1739","to this report",29
"1740","was the only",29
"1741",""" i think",28
"1742","but its not",28
"1743","he wants to",28
"1744","in the nfl",28
"1745","more than 100",28
"1746","of the american",28
"1747","on the field",28
"1748","said "" we",28
"1749","said he has",28
"1750","said it is",28
"1751","the possibility of",28
"1752","there were no",28
"1753","time of the",28
"1754","a news conference",27
"1755","and at the",27
"1756","but he said",27
"1757","by the state",27
"1758","he and his",27
"1759","he has a",27
"1760","in an email",27
"1761","in favor of",27
"1762","in response to",27
"1763","make sure that",27
"1764","of the nations",27
"1765","pleaded guilty to",27
"1766","said i think",27
"1767","said it would",27
"1768","state of the",27
"1769","the head of",27
"1770","able to do",26
"1771","appeared to be",26
"1772","been in the",26
"1773","for at least",26
"1774","he was in",26
"1775","in high school",26
"1776","million a year",26
"1777","more than two",26
"1778","of thousands of",26
"1779","open to the",26
"1780","should have been",26
"1781","that kind of",26
"1782","that the company",26
"1783","that would have",26
"1784","the obama administration",26
"1785","the parking lot",26
"1786","the second time",26
"1787","they need to",26
"1788","this year and",26
"1789","two of the",26
"1790","united states and",26
"1791","us district judge",26
"1792","across the street",25
"1793","addition to the",25
"1794","as for the",25
"1795","familiar with the",25
"1796","he had been",25
"1797","in the eighth",25
"1798","in the top",25
"1799","last year and",25
"1800","last year to",25
"1801","new york times",25
"1802","none of the",25
"1803","of new jersey",25
"1804","of the past",25
"1805","one of two",25
"1806","start of the",25
"1807","the risk of",25
"1808","to continue to",25
"1809","to play in",25
"1810","up and down",25
"1811","us department of",25
"1812","went on to",25
"1813","a man who",24
"1814","a trip to",24
"1815","and her husband",24
"1816","as early as",24
"1817","as many as",24
"1818","at this time",24
"1819","back on the",24
"1820","be the first",24
"1821","could not be",24
"1822","him in the",24
"1823","his wife and",24
"1824","in the 1980s",24
"1825","in the senate",24
"1826","in the seventh",24
"1827","is in a",24
"1828","of the last",24
"1829","of the states",24
"1830","of the worlds",24
"1831","on the ballot",24
"1832","secretary of state",24
"1833","state and federal",24
"1834","than a year",24
"1835","the bay area",24
"1836","the city and",24
"1837","the city has",24
"1838","the plain dealer",24
"1839","the state and",24
"1840","theres a lot",24
"1841","was part of",24
"1842","who want to",24
"1843","an opportunity to",23
"1844","at the scene",23
"1845","be part of",23
"1846","even though the",23
"1847","for him to",23
"1848","he said but",23
"1849","he tried to",23
"1850","in a letter",23
"1851","in exchange for",23
"1852","in the day",23
"1853","in the head",23
"1854","in the ninth",23
"1855","many of them",23
"1856","more than half",23
"1857","of the biggest",23
"1858","only a few",23
"1859","responsible for the",23
"1860","round of the",23
"1861","said it will",23
"1862","state department of",23
"1863","than any other",23
"1864","the most recent",23
"1865","the no 1",23
"1866","the past year",23
"1867","the people of",23
"1868","the right thing",23
"1869","the second quarter",23
"1870","the us department",23
"1871","the value of",23
"1872","to give the",23
"1873","to help the",23
"1874","to put the",23
"1875","version of the",23
"1876","we wanted to",23
"1877","were trying to",23
"1878","who had been",23
"1879","will also be",23
"1880","years in the",23
"1881","a letter to",22
"1882","and we have",22
"1883","board of education",22
"1884","but did not",22
"1885","but that was",22
"1886","chief executive officer",22
"1887","department of education",22
"1888","during the first",22
"1889","four years ago",22
"1890","he said its",22
"1891","high school and",22
"1892","in the playoffs",22
"1893","in the region",22
"1894","in the season",22
"1895","in the sixth",22
"1896","later in the",22
"1897","little more than",22
"1898","more than 30",22
"1899","of dollars in",22
"1900","of his career",22
"1901","of the citys",22
"1902","of the united",22
"1903","on their own",22
"1904","player of the",22
"1905","said there is",22
"1906","shot in the",22
"1907","sides of the",22
"1908","the company has",22
"1909","the company is",22
"1910","the first to",22
"1911","the state department",22
"1912","the us and",22
"1913","to new york",22
"1914","trying to make",22
"1915","was not a",22
"1916","were in the",22
"1917","will be available",22
"1918",""" this is",21
"1919","10 am to",21
"1920","a deal with",21
"1921","and his family",21
"1922","and new york",21
"1923","are likely to",21
"1924","are trying to",21
"1925","but he was",21
"1926","even if the",21
"1927","for the city",21
"1928","from the state",21
"1929","he had no",21
"1930","he had to",21
"1931","he said and",21
"1932","he wanted to",21
"1933","he would not",21
"1934","in more than",21
"1935","in the big",21
"1936","in the fifth",21
"1937","in the national",21
"1938","in the nba",21
"1939","in washington dc",21
"1940","it takes to",21
"1941","last two years",21
"1942","last week the",21
"1943","led to the",21
"1944","majority of the",21
"1945","of people who",21
"1946","of the country",21
"1947","of the more",21
"1948","out of his",21
"1949","over the weekend",21
"1950","part of our",21
"1951","past two years",21
"1952","percent in the",21
"1953","run in the",21
"1954","said in the",21
"1955","served as a",21
"1956","st louis and",21
"1957","state and local",21
"1958","that he said",21
"1959","the first two",21
"1960","the high school",21
"1961","the need for",21
"1962","the next two",21
"1963","the same period",21
"1964","the season and",21
"1965","they have been",21
"1966","to cover the",21
"1967","to do more",21
"1968","to stop the",21
"1969","to the hospital",21
"1970","was taken to",21
"1971","we dont have",21
"1972","which is why",21
"1973","who will be",21
"1974","will have a",21
"1975","will take place",21
"1976","a combination of",20
"1977","a team that",20
"1978","an effort to",20
"1979","and the city",20
"1980","are on the",20
"1981","beginning of the",20
"1982","come out of",20
"1983","compared with the",20
"1984","control of the",20
"1985","couple of years",20
"1986","for most of",20
"1987","for two years",20
"1988","have not been",20
"1989","he also said",20
"1990","he was not",20
"1991","in a new",20
"1992","in part because",20
"1993","in the late",20
"1994","in the long",20
"1995","in the midst",20
"1996","in the right",20
"1997","in the wake",20
"1998","in the west",20
"1999","interest in the",20
"2000","is no longer",20
"2001","last year in",20
"2002","may be the",20
"2003","more than one",20
"2004","more than the",20
"2005","number of people",20
"2006","of the month",20
"2007","on the first",20
"2008","runs in the",20
"2009","said that he",20
"2010","said they were",20
"2011","she and her",20
"2012","size of the",20
"2013","support for the",20
"2014","that led to",20
"2015","the board of",20
"2016","the future of",20
"2017","the help of",20
"2018","the issue of",20
"2019","the loss of",20
"2020","the midst of",20
"2021","the san diego",20
"2022","the second round",20
"2023","the unemployment rate",20
"2024","the wake of",20
"2025","to come up",20
"2026","to discuss the",20
"2027","to go through",20
"2028","to join the",20
"2029","to run for",20
"2030","us district court",20
"2031","was forced to",20
"2032","was just a",20
"2033","weve got to",20
"2034","with more than",20
"2035","work in the",20
"2036","working with the",20
"2037","a range of",19
"2038","a string of",19
"2039","a year and",19
"2040","author of the",19
"2041","chamber of commerce",19
"2042","for a second",19
"2043","he is the",19
"2044","hes going to",19
"2045","is based on",19
"2046","more than 20",19
"2047","more than 50",19
"2048","play in the",19
"2049","points per game",19
"2050","said i dont",19
"2051","she was a",19
"2052","should not be",19
"2053","than a decade",19
"2054","the report said",19
"2055","theyre going to",19
"2056","to protect the",19
